{"files":{"index.html":{"frameworks":["mindglow_beta","pg.image.overlay","pg.fontawesome","pg.insight.events","pg.asset.manager","pg.project.items","pg.code-validator","bs4","pg.html","pg.components"],"last_page_width":1024},"C:\\Users\\Dzik\\Desktop\\PG-sandbox\\mindglow_alpha- what about photo\\index.html":{"frameworks":["pg.insight.events","pg.code-validator","pg.project.items","pg.asset.manager","bs4","pg.html","pg.components"],"last_page_width":1024}},"breakpoints":["576px","768px","992px","1200px"],"frameworks":["mindglow_beta","pg.image.overlay","pg.fontawesome","pg.insight.events","pg.asset.manager","pg.project.items","pg.code-validator","bs4","pg.html","pg.components"],"template_framework_id":"bootstrap","cs-for-overrides":"components/mindglow_beta/css/mg-yellow.css","project_resources":[{"url":"assets/images/bg-guitar.jpg","footer":false,"type":"auto"},{"url":"assets/images/bg-header.jpg","footer":false,"type":"auto"},{"url":"assets/images/bg-body.jpg","footer":false,"type":"auto"},{"url":"assets/images/piano.jpg","footer":false,"type":"auto"},{"url":"css","footer":false,"type":"auto"},{"url":"css/mg.css","footer":false,"type":"text/css"},{"url":"assets/js/smooth-scroll.js","footer":true,"type":"application/javascript"}]}